iteration,id,sample_path,gt_path,width,height,mse,psnr,ssim,mae,lpips
0,0,output_fludyn/samples/1758806250130__000000000_0.jpg,kontext_run_small_new/test_results/test_000.png,1280,1024,0.006940282881259918,21.586227416992188,0.9473013281822205,0.014834638684988022,0.030538970604538918
0,1,output_fludyn/samples/1758806285027__000000000_1.jpg,kontext_run_small_new/test_results/test_001.png,1280,1024,0.0029052612371742725,25.368146896362305,0.9777389168739319,0.01752106286585331,0.02461158111691475
0,2,output_fludyn/samples/1758806319873__000000000_2.jpg,kontext_run_small_new/test_results/test_002.png,1280,1024,0.003410297678783536,24.672077178955078,0.9715520739555359,0.01507894229143858,0.0269167497754097
0,3,output_fludyn/samples/1758806354715__000000000_3.jpg,kontext_run_small_new/test_results/test_003.png,1280,1024,0.0024878059048205614,26.041833877563477,0.9754706025123596,0.01935253106057644,0.0230698324739933
0,4,output_fludyn/samples/1758806389551__000000000_4.jpg,kontext_run_small_new/test_results/test_004.png,1280,1024,0.002359549282118678,26.27170753479004,0.9787721037864685,0.011114640161395073,0.018468912690877914
0,5,output_fludyn/samples/1758806424387__000000000_5.jpg,kontext_run_small_new/test_results/test_005.png,1280,1024,0.0022134927567094564,26.549217224121094,0.9362596273422241,0.010534214787185192,0.03403019160032272
0,6,output_fludyn/samples/1758806459274__000000000_6.jpg,kontext_run_small_new/test_results/test_006.png,1280,1024,0.006841906346380711,21.64822769165039,0.9521631002426147,0.017200827598571777,0.04244786128401756
0,7,output_fludyn/samples/1758806494115__000000000_7.jpg,kontext_run_small_new/test_results/test_007.png,1280,1024,0.0038828845135867596,24.10845375061035,0.9778048396110535,0.018663354218006134,0.0271865576505661
0,8,output_fludyn/samples/1758806528959__000000000_8.jpg,kontext_run_small_new/test_results/test_008.png,1280,1024,0.008390414528548717,20.762165069580078,0.9715938568115234,0.0812363550066948,0.022074442356824875
0,9,output_fludyn/samples/1758806563835__000000000_9.jpg,kontext_run_small_new/test_results/test_009.png,1280,1024,0.002518606837838888,25.98839569091797,0.9748097062110901,0.02023707516491413,0.026689942926168442
0,10,output_fludyn/samples/1758806598702__000000000_10.jpg,kontext_run_small_new/test_results/test_010.png,1280,1024,0.00628276402130723,22.018491744995117,0.9698451161384583,0.0215099286288023,0.035192232578992844
0,11,output_fludyn/samples/1758806633545__000000000_11.jpg,kontext_run_small_new/test_results/test_011.png,1280,1024,0.004921077284961939,23.079395294189453,0.9214963316917419,0.017845558002591133,0.0568544864654541
0,12,output_fludyn/samples/1758806668432__000000000_12.jpg,kontext_run_small_new/test_results/test_012.png,1280,1024,0.0029892136808484793,25.244430541992188,0.9769947528839111,0.012752101756632328,0.020381826907396317
0,13,output_fludyn/samples/1758806703321__000000000_13.jpg,kontext_run_small_new/test_results/test_013.png,1280,1024,0.001647565863095224,27.831571578979492,0.9777520298957825,0.011930039152503014,0.016221918165683746
0,14,output_fludyn/samples/1758806738164__000000000_14.jpg,kontext_run_small_new/test_results/test_014.png,1280,1024,0.0014411784941330552,28.41282081604004,0.9819976091384888,0.010755408555269241,0.012217707931995392
0,15,output_fludyn/samples/1758806773011__000000000_15.jpg,kontext_run_small_new/test_results/test_015.png,1280,1024,0.0016526071121916175,27.818302154541016,0.980641782283783,0.01916780322790146,0.014784951694309711
0,16,output_fludyn/samples/1758806807855__000000000_16.jpg,kontext_run_small_new/test_results/test_016.png,1280,1024,0.002687798347324133,25.70603370666504,0.9773415327072144,0.020416928455233574,0.019808147102594376
0,17,output_fludyn/samples/1758806842756__000000000_17.jpg,kontext_run_small_new/test_results/test_017.png,1280,1024,0.0011930725304409862,29.23332977294922,0.959136426448822,0.008622054010629654,0.01563568413257599
0,18,output_fludyn/samples/1758806877637__000000000_18.jpg,kontext_run_small_new/test_results/test_018.png,1280,1024,0.0030312573071569204,25.18376922607422,0.922199010848999,0.01289235707372427,0.042474038898944855
0,19,output_fludyn/samples/1758806912512__000000000_19.jpg,kontext_run_small_new/test_results/test_019.png,1280,1024,0.0053275940008461475,22.73468780517578,0.9725587964057922,0.014948982745409012,0.029783090576529503
250,0,output_fludyn/samples/1758807665163__000000250_0.jpg,kontext_run_small_new/test_results/test_000.png,1280,1024,0.006881394889205694,21.623233795166016,0.9519975185394287,0.01422712579369545,0.02990170195698738
250,1,output_fludyn/samples/1758807700015__000000250_1.jpg,kontext_run_small_new/test_results/test_001.png,1280,1024,0.0034396483097225428,24.634859085083008,0.9751884341239929,0.015852805227041245,0.02476184256374836
250,2,output_fludyn/samples/1758807734872__000000250_2.jpg,kontext_run_small_new/test_results/test_002.png,1280,1024,0.006573045626282692,21.82233238220215,0.9678675532341003,0.018833663314580917,0.03619661182165146
250,3,output_fludyn/samples/1758807769733__000000250_3.jpg,kontext_run_small_new/test_results/test_003.png,1280,1024,0.002008476760238409,26.971330642700195,0.977164089679718,0.015511483885347843,0.019983630627393723
250,4,output_fludyn/samples/1758807804671__000000250_4.jpg,kontext_run_small_new/test_results/test_004.png,1280,1024,0.0013391844695433974,28.73159408569336,0.9799016714096069,0.010480016469955444,0.019517503678798676
250,5,output_fludyn/samples/1758807839512__000000250_5.jpg,kontext_run_small_new/test_results/test_005.png,1280,1024,0.0022131497971713543,26.549890518188477,0.9424669146537781,0.009984329342842102,0.03238433599472046
250,6,output_fludyn/samples/1758807874357__000000250_6.jpg,kontext_run_small_new/test_results/test_006.png,1280,1024,0.007065999787300825,21.508262634277344,0.9535921812057495,0.018670909106731415,0.04082740470767021
250,7,output_fludyn/samples/1758807909224__000000250_7.jpg,kontext_run_small_new/test_results/test_007.png,1280,1024,0.0019436429720371962,27.113834381103516,0.9830945134162903,0.014553102664649487,0.018539490178227425
250,8,output_fludyn/samples/1758807944103__000000250_8.jpg,kontext_run_small_new/test_results/test_008.png,1280,1024,0.009731533005833626,20.118186950683594,0.9711107611656189,0.08870375901460648,0.02360023930668831
250,9,output_fludyn/samples/1758807978972__000000250_9.jpg,kontext_run_small_new/test_results/test_009.png,1280,1024,0.0025118051562458277,26.000139236450195,0.9779755473136902,0.017146984115242958,0.020514599978923798
250,10,output_fludyn/samples/1758808013862__000000250_10.jpg,kontext_run_small_new/test_results/test_010.png,1280,1024,0.006354783661663532,21.968992233276367,0.9707322716712952,0.020572619512677193,0.035069942474365234
250,11,output_fludyn/samples/1758808048763__000000250_11.jpg,kontext_run_small_new/test_results/test_011.png,1280,1024,0.006619664840400219,21.79163932800293,0.9315003752708435,0.01934446208178997,0.058405403047800064
250,12,output_fludyn/samples/1758808083643__000000250_12.jpg,kontext_run_small_new/test_results/test_012.png,1280,1024,0.003077285597100854,25.11832046508789,0.9763976335525513,0.0134699996560812,0.02100745402276516
250,13,output_fludyn/samples/1758808118521__000000250_13.jpg,kontext_run_small_new/test_results/test_013.png,1280,1024,0.001616231631487608,27.914962768554688,0.9779456257820129,0.010826351121068,0.01617290824651718
250,14,output_fludyn/samples/1758808153405__000000250_14.jpg,kontext_run_small_new/test_results/test_014.png,1280,1024,0.0016337211709469557,27.86821937561035,0.9834004044532776,0.009676733985543251,0.013016412034630775
250,15,output_fludyn/samples/1758808188269__000000250_15.jpg,kontext_run_small_new/test_results/test_015.png,1280,1024,0.001575340866111219,28.026254653930664,0.9819109439849854,0.016941966488957405,0.014522571116685867
250,16,output_fludyn/samples/1758808223130__000000250_16.jpg,kontext_run_small_new/test_results/test_016.png,1280,1024,0.0026881732046604156,25.705425262451172,0.9783592224121094,0.01946066878736019,0.019628699868917465
250,17,output_fludyn/samples/1758808257984__000000250_17.jpg,kontext_run_small_new/test_results/test_017.png,1280,1024,0.0011865791166201234,29.25703239440918,0.9641720056533813,0.007259700912982225,0.014530438929796219
250,18,output_fludyn/samples/1758808292841__000000250_18.jpg,kontext_run_small_new/test_results/test_018.png,1280,1024,0.003040275303646922,25.170869827270508,0.9294939637184143,0.013987209647893906,0.04175744205713272
250,19,output_fludyn/samples/1758808327723__000000250_19.jpg,kontext_run_small_new/test_results/test_019.png,1280,1024,0.0049366760067641735,23.065650939941406,0.973304808139801,0.014865736477077007,0.033340319991111755
500,0,output_fludyn/samples/1758809071984__000000500_0.jpg,kontext_run_small_new/test_results/test_000.png,1280,1024,0.0020008361898362637,26.987882614135742,0.9548415541648865,0.008710443042218685,0.02166144922375679
500,1,output_fludyn/samples/1758809106844__000000500_1.jpg,kontext_run_small_new/test_results/test_001.png,1280,1024,0.0021732200402766466,26.628963470458984,0.9807172417640686,0.013623696751892567,0.01430989895015955
500,2,output_fludyn/samples/1758809141712__000000500_2.jpg,kontext_run_small_new/test_results/test_002.png,1280,1024,0.004648772533982992,23.326616287231445,0.9728971719741821,0.015783028677105904,0.02704153209924698
500,3,output_fludyn/samples/1758809176584__000000500_3.jpg,kontext_run_small_new/test_results/test_003.png,1280,1024,0.001048874226398766,29.79276466369629,0.9825094938278198,0.01284700445830822,0.010543933138251305
500,4,output_fludyn/samples/1758809211474__000000500_4.jpg,kontext_run_small_new/test_results/test_004.png,1280,1024,0.001020163530483842,29.913299560546875,0.9809955358505249,0.009118808433413506,0.01531454361975193
500,5,output_fludyn/samples/1758809246360__000000500_5.jpg,kontext_run_small_new/test_results/test_005.png,1280,1024,0.0021942644380033016,26.587108612060547,0.9449760913848877,0.00957291666418314,0.03268057852983475
500,6,output_fludyn/samples/1758809281207__000000500_6.jpg,kontext_run_small_new/test_results/test_006.png,1280,1024,0.0024528761859983206,26.103240966796875,0.9540468454360962,0.012687375769019127,0.035131361335515976
500,7,output_fludyn/samples/1758809316070__000000500_7.jpg,kontext_run_small_new/test_results/test_007.png,1280,1024,0.0034683302510529757,24.59879493713379,0.9820157289505005,0.015580602921545506,0.018509391695261
500,8,output_fludyn/samples/1758809350944__000000500_8.jpg,kontext_run_small_new/test_results/test_008.png,1280,1024,0.009671966545283794,20.144851684570312,0.9693386554718018,0.0878320038318634,0.025330889970064163
500,9,output_fludyn/samples/1758809385822__000000500_9.jpg,kontext_run_small_new/test_results/test_009.png,1280,1024,0.0006569062825292349,31.82496452331543,0.9849819540977478,0.012214118614792824,0.00918046198785305
500,10,output_fludyn/samples/1758809420703__000000500_10.jpg,kontext_run_small_new/test_results/test_010.png,1280,1024,0.0065050614066421986,21.86748504638672,0.9703407287597656,0.020432937890291214,0.03556777536869049
500,11,output_fludyn/samples/1758809455609__000000500_11.jpg,kontext_run_small_new/test_results/test_011.png,1280,1024,0.004791886545717716,23.194934844970703,0.943182110786438,0.015171010047197342,0.05278673768043518
500,12,output_fludyn/samples/1758809490487__000000500_12.jpg,kontext_run_small_new/test_results/test_012.png,1280,1024,0.002272911136969924,26.434173583984375,0.9792234897613525,0.012026689015328884,0.016685308888554573
500,13,output_fludyn/samples/1758809525359__000000500_13.jpg,kontext_run_small_new/test_results/test_013.png,1280,1024,0.002061641775071621,26.857866287231445,0.9769517183303833,0.011378595605492592,0.018739499151706696
500,14,output_fludyn/samples/1758809560237__000000500_14.jpg,kontext_run_small_new/test_results/test_014.png,1280,1024,0.0016603188123553991,27.798084259033203,0.9831407070159912,0.01041619572788477,0.013134773820638657
500,15,output_fludyn/samples/1758809595136__000000500_15.jpg,kontext_run_small_new/test_results/test_015.png,1280,1024,0.0015153046697378159,28.19499969482422,0.9813345074653625,0.015804767608642578,0.01383187621831894
500,16,output_fludyn/samples/1758809630055__000000500_16.jpg,kontext_run_small_new/test_results/test_016.png,1280,1024,0.0026977448724210262,25.68998908996582,0.9774780869483948,0.01976662501692772,0.0196967963129282
500,17,output_fludyn/samples/1758809664909__000000500_17.jpg,kontext_run_small_new/test_results/test_017.png,1280,1024,0.0011741903144866228,29.302614212036133,0.966238796710968,0.007050671149045229,0.014474790543317795
500,18,output_fludyn/samples/1758809699760__000000500_18.jpg,kontext_run_small_new/test_results/test_018.png,1280,1024,0.003012722125276923,25.210407257080078,0.9312951564788818,0.012321813963353634,0.041711438447237015
500,19,output_fludyn/samples/1758809734632__000000500_19.jpg,kontext_run_small_new/test_results/test_019.png,1280,1024,0.004800095222890377,23.1875,0.9738085269927979,0.013835979625582695,0.031558841466903687
750,0,output_fludyn/samples/1758810482865__000000750_0.jpg,kontext_run_small_new/test_results/test_000.png,1280,1024,0.001791514689102769,27.46779441833496,0.9554622769355774,0.012640388682484627,0.018291283398866653
750,1,output_fludyn/samples/1758810517714__000000750_1.jpg,kontext_run_small_new/test_results/test_001.png,1280,1024,0.0029662540182471275,25.277915954589844,0.9784576296806335,0.013301159255206585,0.018288400024175644
750,2,output_fludyn/samples/1758810552581__000000750_2.jpg,kontext_run_small_new/test_results/test_002.png,1280,1024,0.0043667894788086414,23.598377227783203,0.9737657904624939,0.014254416339099407,0.025304095819592476
750,3,output_fludyn/samples/1758810587444__000000750_3.jpg,kontext_run_small_new/test_results/test_003.png,1280,1024,0.001769143738783896,27.522367477416992,0.9798105955123901,0.011630382388830185,0.015519740991294384
750,4,output_fludyn/samples/1758810622325__000000750_4.jpg,kontext_run_small_new/test_results/test_004.png,1280,1024,0.0006972663686610758,31.566011428833008,0.9835134744644165,0.008591006509959698,0.010249409824609756
750,5,output_fludyn/samples/1758810657179__000000750_5.jpg,kontext_run_small_new/test_results/test_005.png,1280,1024,0.002431918866932392,26.140506744384766,0.9416091442108154,0.013095824047923088,0.04028422012925148
750,6,output_fludyn/samples/1758810692024__000000750_6.jpg,kontext_run_small_new/test_results/test_006.png,1280,1024,0.0026970321778208017,25.691137313842773,0.9526564478874207,0.016382310539484024,0.03827735781669617
750,7,output_fludyn/samples/1758810726887__000000750_7.jpg,kontext_run_small_new/test_results/test_007.png,1280,1024,0.0024849059991538525,26.046899795532227,0.9835368394851685,0.013823559507727623,0.015009547583758831
750,8,output_fludyn/samples/1758810761862__000000750_8.jpg,kontext_run_small_new/test_results/test_008.png,1280,1024,0.005195374134927988,22.843830108642578,0.9718007445335388,0.05436704680323601,0.02485019713640213
750,9,output_fludyn/samples/1758810796745__000000750_9.jpg,kontext_run_small_new/test_results/test_009.png,1280,1024,0.0016499839257448912,27.8252010345459,0.9806457161903381,0.011489665135741234,0.016278237104415894
750,10,output_fludyn/samples/1758810831619__000000750_10.jpg,kontext_run_small_new/test_results/test_010.png,1280,1024,0.006622806191444397,21.789579391479492,0.9696460962295532,0.020044535398483276,0.03638668358325958
750,11,output_fludyn/samples/1758810866489__000000750_11.jpg,kontext_run_small_new/test_results/test_011.png,1280,1024,0.005640466697514057,22.486846923828125,0.9341747164726257,0.018332967534661293,0.056495822966098785
750,12,output_fludyn/samples/1758810901444__000000750_12.jpg,kontext_run_small_new/test_results/test_012.png,1280,1024,0.0025074630975723267,26.007654190063477,0.9775127172470093,0.011747789569199085,0.01783294975757599
750,13,output_fludyn/samples/1758810936313__000000750_13.jpg,kontext_run_small_new/test_results/test_013.png,1280,1024,0.0023447037674486637,26.29911994934082,0.974048376083374,0.01212841086089611,0.020880836993455887
750,14,output_fludyn/samples/1758810971263__000000750_14.jpg,kontext_run_small_new/test_results/test_014.png,1280,1024,0.0016466642264276743,27.833948135375977,0.9824769496917725,0.00850563682615757,0.01280492078512907
750,15,output_fludyn/samples/1758811006133__000000750_15.jpg,kontext_run_small_new/test_results/test_015.png,1280,1024,0.0014318276662379503,28.441089630126953,0.9815515875816345,0.01337503269314766,0.013543869368731976
750,16,output_fludyn/samples/1758811041083__000000750_16.jpg,kontext_run_small_new/test_results/test_016.png,1280,1024,0.0027230014093220234,25.649520874023438,0.9766391515731812,0.02071031928062439,0.019802123308181763
750,17,output_fludyn/samples/1758811075926__000000750_17.jpg,kontext_run_small_new/test_results/test_017.png,1280,1024,0.001242203637957573,29.05807113647461,0.9615631699562073,0.01106467004865408,0.01893503963947296
750,18,output_fludyn/samples/1758811110777__000000750_18.jpg,kontext_run_small_new/test_results/test_018.png,1280,1024,0.0030635721050202847,25.137718200683594,0.9244303107261658,0.016522634774446487,0.04421085864305496
750,19,output_fludyn/samples/1758811145685__000000750_19.jpg,kontext_run_small_new/test_results/test_019.png,1280,1024,0.0036468335893005133,24.38083839416504,0.9759484529495239,0.012563065625727177,0.02243902161717415
1000,0,output_fludyn/samples/1758811892915__000001000_0.jpg,kontext_run_small_new/test_results/test_000.png,1280,1024,0.0016424432396888733,27.845096588134766,0.9566282033920288,0.008213000372052193,0.01765218935906887
1000,1,output_fludyn/samples/1758811927772__000001000_1.jpg,kontext_run_small_new/test_results/test_001.png,1280,1024,0.002055348129943013,26.871145248413086,0.9807897210121155,0.01567009650170803,0.014036258682608604
1000,2,output_fludyn/samples/1758811962638__000001000_2.jpg,kontext_run_small_new/test_results/test_002.png,1280,1024,0.004060259088873863,23.914461135864258,0.9745874404907227,0.015022688545286655,0.02351458929479122
1000,3,output_fludyn/samples/1758811997502__000001000_3.jpg,kontext_run_small_new/test_results/test_003.png,1280,1024,0.0009943892946466804,30.024433135986328,0.982450544834137,0.010693458840250969,0.00997844897210598
1000,4,output_fludyn/samples/1758812032407__000001000_4.jpg,kontext_run_small_new/test_results/test_004.png,1280,1024,0.0005514546646736562,32.58489990234375,0.9858897924423218,0.011610261164605618,0.008299438282847404
1000,5,output_fludyn/samples/1758812067293__000001000_5.jpg,kontext_run_small_new/test_results/test_005.png,1280,1024,0.002305553527548909,26.37224578857422,0.9418192505836487,0.010441272519528866,0.03441426530480385
1000,6,output_fludyn/samples/1758812102175__000001000_6.jpg,kontext_run_small_new/test_results/test_006.png,1280,1024,0.002568233525380492,25.903654098510742,0.9534885287284851,0.013134229928255081,0.037151917815208435
1000,7,output_fludyn/samples/1758812137044__000001000_7.jpg,kontext_run_small_new/test_results/test_007.png,1280,1024,0.0025919487234205008,25.863733291625977,0.9834837317466736,0.01567522995173931,0.015397315844893456
1000,8,output_fludyn/samples/1758812171917__000001000_8.jpg,kontext_run_small_new/test_results/test_008.png,1280,1024,0.003088046796619892,25.103160858154297,0.9758177399635315,0.03577302768826485,0.017254846170544624
1000,9,output_fludyn/samples/1758812206831__000001000_9.jpg,kontext_run_small_new/test_results/test_009.png,1280,1024,0.001051439088769257,29.78215789794922,0.9846792221069336,0.01184793934226036,0.00895136222243309
1000,10,output_fludyn/samples/1758812241707__000001000_10.jpg,kontext_run_small_new/test_results/test_010.png,1280,1024,0.006675044074654579,21.755456924438477,0.9692656397819519,0.023068785667419434,0.036599092185497284
1000,11,output_fludyn/samples/1758812276573__000001000_11.jpg,kontext_run_small_new/test_results/test_011.png,1280,1024,0.004938965197652578,23.06363868713379,0.9368544220924377,0.015946583822369576,0.04993518441915512
1000,12,output_fludyn/samples/1758812311462__000001000_12.jpg,kontext_run_small_new/test_results/test_012.png,1280,1024,0.0015229721320793033,28.173078536987305,0.9797434210777283,0.012465926818549633,0.012472006492316723
1000,13,output_fludyn/samples/1758812346347__000001000_13.jpg,kontext_run_small_new/test_results/test_013.png,1280,1024,0.0023588240146636963,26.273042678833008,0.9736141562461853,0.0146409310400486,0.021419472992420197
1000,14,output_fludyn/samples/1758812381239__000001000_14.jpg,kontext_run_small_new/test_results/test_014.png,1280,1024,0.001448346534743905,28.391273498535156,0.9828328490257263,0.009778076782822609,0.012056058272719383
1000,15,output_fludyn/samples/1758812416117__000001000_15.jpg,kontext_run_small_new/test_results/test_015.png,1280,1024,0.0012832467909902334,28.91689682006836,0.9824762940406799,0.013624322600662708,0.012858659029006958
1000,16,output_fludyn/samples/1758812450994__000001000_16.jpg,kontext_run_small_new/test_results/test_016.png,1280,1024,0.0027989293448626995,25.530078887939453,0.9763213396072388,0.0226004496216774,0.01968572475016117
1000,17,output_fludyn/samples/1758812485854__000001000_17.jpg,kontext_run_small_new/test_results/test_017.png,1280,1024,0.0011630379594862461,29.344058990478516,0.9648399949073792,0.007456462364643812,0.015585184097290039
1000,18,output_fludyn/samples/1758812520724__000001000_18.jpg,kontext_run_small_new/test_results/test_018.png,1280,1024,0.003004242666065693,25.22264862060547,0.9248414635658264,0.012950676493346691,0.04184867441654205
1000,19,output_fludyn/samples/1758812555599__000001000_19.jpg,kontext_run_small_new/test_results/test_019.png,1280,1024,0.0031653919722884893,24.995723724365234,0.9758201837539673,0.015444453805685043,0.019790319725871086
1250,0,output_fludyn/samples/1758813305214__000001250_0.jpg,kontext_run_small_new/test_results/test_000.png,1280,1024,0.002026389352977276,26.932771682739258,0.9532461762428284,0.007916782982647419,0.024225708097219467
1250,1,output_fludyn/samples/1758813340071__000001250_1.jpg,kontext_run_small_new/test_results/test_001.png,1280,1024,0.0029648321215063334,25.279996871948242,0.9795482158660889,0.013262121938169003,0.018167531117796898
1250,2,output_fludyn/samples/1758813374942__000001250_2.jpg,kontext_run_small_new/test_results/test_002.png,1280,1024,0.004435895010828972,23.530187606811523,0.9741314649581909,0.015856273472309113,0.025451447814702988
1250,3,output_fludyn/samples/1758813409815__000001250_3.jpg,kontext_run_small_new/test_results/test_003.png,1280,1024,0.001623219228349626,27.896228790283203,0.9800134301185608,0.01411426905542612,0.014726514928042889
1250,4,output_fludyn/samples/1758813444690__000001250_4.jpg,kontext_run_small_new/test_results/test_004.png,1280,1024,0.0014218714786693454,28.47139549255371,0.9798462986946106,0.009610697627067566,0.016853727400302887
1250,5,output_fludyn/samples/1758813479539__000001250_5.jpg,kontext_run_small_new/test_results/test_005.png,1280,1024,0.001857782481238246,27.310049057006836,0.9497524499893188,0.007789273280650377,0.02454213611781597
1250,6,output_fludyn/samples/1758813514411__000001250_6.jpg,kontext_run_small_new/test_results/test_006.png,1280,1024,0.0028734931256622076,25.415897369384766,0.9478005766868591,0.012003225274384022,0.04549121856689453
1250,7,output_fludyn/samples/1758813549279__000001250_7.jpg,kontext_run_small_new/test_results/test_007.png,1280,1024,0.001963844057172537,27.06892967224121,0.9822068810462952,0.01228215079754591,0.01294840220361948
1250,8,output_fludyn/samples/1758813584155__000001250_8.jpg,kontext_run_small_new/test_results/test_008.png,1280,1024,0.005636150483042002,22.49017333984375,0.9725408554077148,0.06090906634926796,0.02247931808233261
1250,9,output_fludyn/samples/1758813619054__000001250_9.jpg,kontext_run_small_new/test_results/test_009.png,1280,1024,0.0017384658567607403,27.598337173461914,0.9804410934448242,0.014016222208738327,0.01709347777068615
1250,10,output_fludyn/samples/1758813653970__000001250_10.jpg,kontext_run_small_new/test_results/test_010.png,1280,1024,0.0066568017937242985,21.76734161376953,0.9691761136054993,0.021653322502970695,0.03734985366463661
1250,11,output_fludyn/samples/1758813688836__000001250_11.jpg,kontext_run_small_new/test_results/test_011.png,1280,1024,0.005772056989371777,22.386693954467773,0.9347217679023743,0.017291946336627007,0.05405000224709511
1250,12,output_fludyn/samples/1758813723716__000001250_12.jpg,kontext_run_small_new/test_results/test_012.png,1280,1024,0.002266057301312685,26.447290420532227,0.9793886542320251,0.011689271777868271,0.016595538705587387
1250,13,output_fludyn/samples/1758813758613__000001250_13.jpg,kontext_run_small_new/test_results/test_013.png,1280,1024,0.002472705440595746,26.068275451660156,0.973477303981781,0.012317812070250511,0.022135671228170395
1250,14,output_fludyn/samples/1758813793493__000001250_14.jpg,kontext_run_small_new/test_results/test_014.png,1280,1024,0.0017407829873263836,27.592552185058594,0.9820318222045898,0.009668328799307346,0.0139102041721344
1250,15,output_fludyn/samples/1758813828370__000001250_15.jpg,kontext_run_small_new/test_results/test_015.png,1280,1024,0.0019059512997046113,27.198881149291992,0.9796669483184814,0.016309212893247604,0.01887151040136814
1250,16,output_fludyn/samples/1758813863232__000001250_16.jpg,kontext_run_small_new/test_results/test_016.png,1280,1024,0.0019611779134720564,27.0748291015625,0.9792489409446716,0.019779354333877563,0.015765948221087456
1250,17,output_fludyn/samples/1758813898104__000001250_17.jpg,kontext_run_small_new/test_results/test_017.png,1280,1024,0.0016145186964422464,27.91956901550293,0.9598662257194519,0.007241738494485617,0.01991722173988819
1250,18,output_fludyn/samples/1758813932973__000001250_18.jpg,kontext_run_small_new/test_results/test_018.png,1280,1024,0.003013505134731531,25.209278106689453,0.9262760281562805,0.011987557634711266,0.03873052820563316
1250,19,output_fludyn/samples/1758813967907__000001250_19.jpg,kontext_run_small_new/test_results/test_019.png,1280,1024,0.004250046331435442,23.716062545776367,0.9749186038970947,0.012345594353973866,0.025968315079808235
1500,0,output_fludyn/samples/1758814710350__000001500_0.jpg,kontext_run_small_new/test_results/test_000.png,1280,1024,0.0015762299299240112,28.023801803588867,0.9575390219688416,0.006758387666195631,0.01668204739689827
1500,1,output_fludyn/samples/1758814745204__000001500_1.jpg,kontext_run_small_new/test_results/test_001.png,1280,1024,0.0034069037064909935,24.676401138305664,0.9781033992767334,0.016998667269945145,0.01894344761967659
1500,2,output_fludyn/samples/1758814780078__000001500_2.jpg,kontext_run_small_new/test_results/test_002.png,1280,1024,0.0045044030994176865,23.463626861572266,0.9731077551841736,0.01565806195139885,0.02555321529507637
1500,3,output_fludyn/samples/1758814814971__000001500_3.jpg,kontext_run_small_new/test_results/test_003.png,1280,1024,0.0007533117313869298,31.23025131225586,0.9825984835624695,0.011216632090508938,0.009493090212345123
1500,4,output_fludyn/samples/1758814849849__000001500_4.jpg,kontext_run_small_new/test_results/test_004.png,1280,1024,0.0007127724238671362,31.470489501953125,0.9844415187835693,0.010041638277471066,0.009179940447211266
1500,5,output_fludyn/samples/1758814884704__000001500_5.jpg,kontext_run_small_new/test_results/test_005.png,1280,1024,0.002152317436411977,26.670934677124023,0.940954864025116,0.008851604536175728,0.03175307437777519
1500,6,output_fludyn/samples/1758814919560__000001500_6.jpg,kontext_run_small_new/test_results/test_006.png,1280,1024,0.002179645001888275,26.61614227294922,0.9562435150146484,0.009841348975896835,0.0350240059196949
1500,7,output_fludyn/samples/1758814954434__000001500_7.jpg,kontext_run_small_new/test_results/test_007.png,1280,1024,0.002315621357411146,26.353322982788086,0.9843207001686096,0.012781726196408272,0.013189144432544708
1500,8,output_fludyn/samples/1758814989352__000001500_8.jpg,kontext_run_small_new/test_results/test_008.png,1280,1024,0.002605766523629427,25.84064483642578,0.9759039282798767,0.011239142157137394,0.017757588997483253
1500,9,output_fludyn/samples/1758815024254__000001500_9.jpg,kontext_run_small_new/test_results/test_009.png,1280,1024,0.0012143442872911692,29.156579971313477,0.9832088351249695,0.012297729961574078,0.01045601163059473
1500,10,output_fludyn/samples/1758815059180__000001500_10.jpg,kontext_run_small_new/test_results/test_010.png,1280,1024,0.006620129104703665,21.791336059570312,0.9695370197296143,0.020097823813557625,0.03620127961039543
1500,11,output_fludyn/samples/1758815094041__000001500_11.jpg,kontext_run_small_new/test_results/test_011.png,1280,1024,0.005139695480465889,22.890625,0.9284422397613525,0.015153654851019382,0.05093657597899437
1500,12,output_fludyn/samples/1758815128925__000001500_12.jpg,kontext_run_small_new/test_results/test_012.png,1280,1024,0.001369587960653007,28.63409996032715,0.9803602695465088,0.009918670170009136,0.012185565195977688
1500,13,output_fludyn/samples/1758815163811__000001500_13.jpg,kontext_run_small_new/test_results/test_013.png,1280,1024,0.0025839931331574917,25.877084732055664,0.9733953475952148,0.014731709845364094,0.022400565445423126
1500,14,output_fludyn/samples/1758815198674__000001500_14.jpg,kontext_run_small_new/test_results/test_014.png,1280,1024,0.0018137134611606598,27.4143123626709,0.9815994501113892,0.010006269440054893,0.013694931752979755
1500,15,output_fludyn/samples/1758815233597__000001500_15.jpg,kontext_run_small_new/test_results/test_015.png,1280,1024,0.0013759700814262033,28.613908767700195,0.9820920825004578,0.014545137993991375,0.013364942744374275
1500,16,output_fludyn/samples/1758815268476__000001500_16.jpg,kontext_run_small_new/test_results/test_016.png,1280,1024,0.002417482202872634,26.166366577148438,0.9781342148780823,0.019338427111506462,0.01781546324491501
1500,17,output_fludyn/samples/1758815303378__000001500_17.jpg,kontext_run_small_new/test_results/test_017.png,1280,1024,0.001489431713707745,28.269792556762695,0.9617805480957031,0.0065890708938241005,0.01829546131193638
1500,18,output_fludyn/samples/1758815338238__000001500_18.jpg,kontext_run_small_new/test_results/test_018.png,1280,1024,0.003022450255230069,25.196407318115234,0.9293966293334961,0.012081397697329521,0.04085906967520714
1500,19,output_fludyn/samples/1758815373108__000001500_19.jpg,kontext_run_small_new/test_results/test_019.png,1280,1024,0.002959504025056958,25.287809371948242,0.9763286709785461,0.013005280867218971,0.019292905926704407
1750,0,output_fludyn/samples/1758816116390__000001750_0.jpg,kontext_run_small_new/test_results/test_000.png,1280,1024,0.0014160445425659418,28.489229202270508,0.9628060460090637,0.008567767217755318,0.017580151557922363
1750,1,output_fludyn/samples/1758816151252__000001750_1.jpg,kontext_run_small_new/test_results/test_001.png,1280,1024,0.0024180328473448753,26.165376663208008,0.9811200499534607,0.015239900909364223,0.015745757147669792
1750,2,output_fludyn/samples/1758816186118__000001750_2.jpg,kontext_run_small_new/test_results/test_002.png,1280,1024,0.0028714549262076616,25.418977737426758,0.9794524908065796,0.012101659551262856,0.019493093714118004
1750,3,output_fludyn/samples/1758816220998__000001750_3.jpg,kontext_run_small_new/test_results/test_003.png,1280,1024,0.0003479135630186647,34.58528518676758,0.9853624105453491,0.01057178620249033,0.005938113667070866
1750,4,output_fludyn/samples/1758816255882__000001750_4.jpg,kontext_run_small_new/test_results/test_004.png,1280,1024,0.0005924935103394091,32.273162841796875,0.9838536977767944,0.007656372617930174,0.009620209224522114
1750,5,output_fludyn/samples/1758816290748__000001750_5.jpg,kontext_run_small_new/test_results/test_005.png,1280,1024,0.002195269102230668,26.585119247436523,0.9448392391204834,0.01004716195166111,0.03423167020082474
1750,6,output_fludyn/samples/1758816325601__000001750_6.jpg,kontext_run_small_new/test_results/test_006.png,1280,1024,0.0017614945536479354,27.54118537902832,0.962958037853241,0.011155384592711926,0.02284306287765503
1750,7,output_fludyn/samples/1758816360525__000001750_7.jpg,kontext_run_small_new/test_results/test_007.png,1280,1024,0.0012663938105106354,28.97430992126465,0.985070526599884,0.01124387327581644,0.009760950691998005
1750,8,output_fludyn/samples/1758816395404__000001750_8.jpg,kontext_run_small_new/test_results/test_008.png,1280,1024,0.002339954487979412,26.307924270629883,0.9764372706413269,0.01132313720881939,0.01723960041999817
1750,9,output_fludyn/samples/1758816430285__000001750_9.jpg,kontext_run_small_new/test_results/test_009.png,1280,1024,0.0012485466431826353,29.035951614379883,0.9829316735267639,0.01244775578379631,0.010699603706598282
1750,10,output_fludyn/samples/1758816465163__000001750_10.jpg,kontext_run_small_new/test_results/test_010.png,1280,1024,0.004909140523523092,23.08994483947754,0.9747486114501953,0.016642361879348755,0.028949197381734848
1750,11,output_fludyn/samples/1758816500073__000001750_11.jpg,kontext_run_small_new/test_results/test_011.png,1280,1024,0.005418574437499046,22.661149978637695,0.9341278672218323,0.016532596200704575,0.051251370459795
1750,12,output_fludyn/samples/1758816534977__000001750_12.jpg,kontext_run_small_new/test_results/test_012.png,1280,1024,0.00018909102072939277,37.23329162597656,0.9860125184059143,0.006492726504802704,0.00485073309391737
1750,13,output_fludyn/samples/1758816569871__000001750_13.jpg,kontext_run_small_new/test_results/test_013.png,1280,1024,0.0025744058657437563,25.89322853088379,0.9741442203521729,0.01350256334990263,0.021954502910375595
1750,14,output_fludyn/samples/1758816604784__000001750_14.jpg,kontext_run_small_new/test_results/test_014.png,1280,1024,0.0017854530597105622,27.482513427734375,0.9843940734863281,0.0094649912789464,0.013172775506973267
1750,15,output_fludyn/samples/1758816639653__000001750_15.jpg,kontext_run_small_new/test_results/test_015.png,1280,1024,0.0012743989937007427,28.946945190429688,0.9828494787216187,0.014448205940425396,0.012642954476177692
1750,16,output_fludyn/samples/1758816674516__000001750_16.jpg,kontext_run_small_new/test_results/test_016.png,1280,1024,0.002420480130240321,26.16098403930664,0.9790222644805908,0.017699940130114555,0.017711210995912552
1750,17,output_fludyn/samples/1758816709378__000001750_17.jpg,kontext_run_small_new/test_results/test_017.png,1280,1024,0.0013617544900625944,28.65900993347168,0.9637332558631897,0.009091452695429325,0.020600156858563423
1750,18,output_fludyn/samples/1758816744234__000001750_18.jpg,kontext_run_small_new/test_results/test_018.png,1280,1024,0.0030375320930033922,25.17479133605957,0.9314824938774109,0.013132459484040737,0.04096188023686409
1750,19,output_fludyn/samples/1758816779122__000001750_19.jpg,kontext_run_small_new/test_results/test_019.png,1280,1024,0.0009171009296551347,30.37582778930664,0.9828645586967468,0.007628637365996838,0.009028268977999687
2000,0,output_fludyn/samples/1758817529784__000002000_0.jpg,kontext_run_small_new/test_results/test_000.png,1280,1024,0.002845678012818098,25.458141326904297,0.946790337562561,0.009826895780861378,0.03641725331544876
2000,1,output_fludyn/samples/1758817564652__000002000_1.jpg,kontext_run_small_new/test_results/test_001.png,1280,1024,0.002190303523093462,26.594955444335938,0.9810537695884705,0.012300464324653149,0.01434770505875349
2000,2,output_fludyn/samples/1758817599521__000002000_2.jpg,kontext_run_small_new/test_results/test_002.png,1280,1024,0.0005258554010652006,32.79133605957031,0.9831211566925049,0.008561376482248306,0.007677377201616764
2000,3,output_fludyn/samples/1758817634393__000002000_3.jpg,kontext_run_small_new/test_results/test_003.png,1280,1024,0.0018207234097644687,27.397558212280273,0.9791418313980103,0.01547969039529562,0.016265658661723137
2000,4,output_fludyn/samples/1758817669273__000002000_4.jpg,kontext_run_small_new/test_results/test_004.png,1280,1024,0.0009269563597626984,30.329404830932617,0.9840269684791565,0.009303197264671326,0.009927740320563316
2000,5,output_fludyn/samples/1758817704185__000002000_5.jpg,kontext_run_small_new/test_results/test_005.png,1280,1024,0.001114117563702166,29.530689239501953,0.9563697576522827,0.0061876000836491585,0.016135629266500473
2000,6,output_fludyn/samples/1758817739082__000002000_6.jpg,kontext_run_small_new/test_results/test_006.png,1280,1024,0.002929655136540532,25.331832885742188,0.9460936188697815,0.012179132550954819,0.046146441251039505
2000,7,output_fludyn/samples/1758817774014__000002000_7.jpg,kontext_run_small_new/test_results/test_007.png,1280,1024,0.0023160420823842287,26.3525333404541,0.9818682074546814,0.01347602903842926,0.01537126861512661
2000,8,output_fludyn/samples/1758817808900__000002000_8.jpg,kontext_run_small_new/test_results/test_008.png,1280,1024,0.0022211854811757803,26.534149169921875,0.9761084318161011,0.009453433565795422,0.01815629191696644
2000,9,output_fludyn/samples/1758817843774__000002000_9.jpg,kontext_run_small_new/test_results/test_009.png,1280,1024,0.00143886124715209,28.419809341430664,0.981210470199585,0.014139717444777489,0.014929823577404022
2000,10,output_fludyn/samples/1758817878703__000002000_10.jpg,kontext_run_small_new/test_results/test_010.png,1280,1024,0.007512320764362812,21.242258071899414,0.9672651886940002,0.023488948121666908,0.03931122645735741
2000,11,output_fludyn/samples/1758817913624__000002000_11.jpg,kontext_run_small_new/test_results/test_011.png,1280,1024,0.003931078128516674,24.054882049560547,0.9361095428466797,0.01306189689785242,0.03976690024137497
2000,12,output_fludyn/samples/1758817948551__000002000_12.jpg,kontext_run_small_new/test_results/test_012.png,1280,1024,0.0022512946743518114,26.47567367553711,0.979346513748169,0.011828931979835033,0.01672234572470188
2000,13,output_fludyn/samples/1758817983432__000002000_13.jpg,kontext_run_small_new/test_results/test_013.png,1280,1024,0.0011241082102060318,29.49191665649414,0.9789171814918518,0.01000419445335865,0.011826852336525917
2000,14,output_fludyn/samples/1758818018322__000002000_14.jpg,kontext_run_small_new/test_results/test_014.png,1280,1024,0.0014967903262004256,28.248388290405273,0.9826528429985046,0.008730116300284863,0.01224262360483408
2000,15,output_fludyn/samples/1758818053207__000002000_15.jpg,kontext_run_small_new/test_results/test_015.png,1280,1024,0.0019192224135622382,27.168745040893555,0.9808264374732971,0.01711192913353443,0.016728149726986885
2000,16,output_fludyn/samples/1758818088094__000002000_16.jpg,kontext_run_small_new/test_results/test_016.png,1280,1024,0.0020152125507593155,26.956790924072266,0.9789937138557434,0.01909131370484829,0.016089003533124924
2000,17,output_fludyn/samples/1758818122998__000002000_17.jpg,kontext_run_small_new/test_results/test_017.png,1280,1024,0.0012470792280510068,29.041059494018555,0.9631361365318298,0.006479180883616209,0.016956042498350143
2000,18,output_fludyn/samples/1758818157864__000002000_18.jpg,kontext_run_small_new/test_results/test_018.png,1280,1024,0.0030285045504570007,25.18771743774414,0.9302404522895813,0.011542469263076782,0.03815712407231331
2000,19,output_fludyn/samples/1758818192783__000002000_19.jpg,kontext_run_small_new/test_results/test_019.png,1280,1024,0.0032331168185919523,24.903785705566406,0.9767971038818359,0.012405434623360634,0.02036621980369091
2250,0,output_fludyn/samples/1758818937927__000002250_0.jpg,kontext_run_small_new/test_results/test_000.png,1280,1024,0.0015995162539184093,27.960111618041992,0.954632043838501,0.008985767140984535,0.021286316215991974
2250,1,output_fludyn/samples/1758818972777__000002250_1.jpg,kontext_run_small_new/test_results/test_001.png,1280,1024,0.0027348482981324196,25.630666732788086,0.9810783267021179,0.01596335880458355,0.018727164715528488
2250,2,output_fludyn/samples/1758819007643__000002250_2.jpg,kontext_run_small_new/test_results/test_002.png,1280,1024,0.003145007649436593,25.02378273010254,0.9794005155563354,0.013238104060292244,0.020133092999458313
2250,3,output_fludyn/samples/1758819042533__000002250_3.jpg,kontext_run_small_new/test_results/test_003.png,1280,1024,0.0010207948507741094,29.910614013671875,0.9845259189605713,0.0128586171194911,0.009149977006018162
2250,4,output_fludyn/samples/1758819077397__000002250_4.jpg,kontext_run_small_new/test_results/test_004.png,1280,1024,0.0012695563491433859,28.96347999572754,0.982913613319397,0.009746517986059189,0.013588329777121544
2250,5,output_fludyn/samples/1758819112246__000002250_5.jpg,kontext_run_small_new/test_results/test_005.png,1280,1024,0.0017058061202988029,27.680702209472656,0.9412526488304138,0.00905935000628233,0.031556569039821625
2250,6,output_fludyn/samples/1758819147103__000002250_6.jpg,kontext_run_small_new/test_results/test_006.png,1280,1024,0.0023938778322190046,26.2089786529541,0.9454079866409302,0.011990574188530445,0.043669965118169785
2250,7,output_fludyn/samples/1758819181978__000002250_7.jpg,kontext_run_small_new/test_results/test_007.png,1280,1024,0.002087872475385666,26.802959442138672,0.9837592840194702,0.011334042996168137,0.011600359342992306
2250,8,output_fludyn/samples/1758819216867__000002250_8.jpg,kontext_run_small_new/test_results/test_008.png,1280,1024,0.002080947859212756,26.8173885345459,0.9762613773345947,0.00868725311011076,0.018283739686012268
2250,9,output_fludyn/samples/1758819251750__000002250_9.jpg,kontext_run_small_new/test_results/test_009.png,1280,1024,0.0013066026149317622,28.838563919067383,0.9841766953468323,0.013471318408846855,0.010530287399888039
2250,10,output_fludyn/samples/1758819286637__000002250_10.jpg,kontext_run_small_new/test_results/test_010.png,1280,1024,0.006622896064072847,21.789518356323242,0.9698905944824219,0.020638080313801765,0.035615671426057816
2250,11,output_fludyn/samples/1758819321505__000002250_11.jpg,kontext_run_small_new/test_results/test_011.png,1280,1024,0.005449716933071613,22.636259078979492,0.9239494800567627,0.01723243109881878,0.05803759768605232
2250,12,output_fludyn/samples/1758819356415__000002250_12.jpg,kontext_run_small_new/test_results/test_012.png,1280,1024,0.0003821368736680597,34.17781066894531,0.9845917224884033,0.008602727204561234,0.006517493631690741
2250,13,output_fludyn/samples/1758819391337__000002250_13.jpg,kontext_run_small_new/test_results/test_013.png,1280,1024,0.0034831443335860968,24.580286026000977,0.9732114672660828,0.01462441124022007,0.026800107210874557
2250,14,output_fludyn/samples/1758819426218__000002250_14.jpg,kontext_run_small_new/test_results/test_014.png,1280,1024,0.003272474044933915,24.85123634338379,0.9807770848274231,0.013121861033141613,0.019350899383425713
2250,15,output_fludyn/samples/1758819461105__000002250_15.jpg,kontext_run_small_new/test_results/test_015.png,1280,1024,0.0010133475298061967,29.942413330078125,0.9850672483444214,0.014498846605420113,0.010038754902780056
2250,16,output_fludyn/samples/1758819495964__000002250_16.jpg,kontext_run_small_new/test_results/test_016.png,1280,1024,0.004439299460500479,23.52685546875,0.976444661617279,0.021976156160235405,0.02454703487455845
2250,17,output_fludyn/samples/1758819530843__000002250_17.jpg,kontext_run_small_new/test_results/test_017.png,1280,1024,0.0012885609176009893,28.898948669433594,0.961532711982727,0.007311309687793255,0.020754314959049225
2250,18,output_fludyn/samples/1758819565745__000002250_18.jpg,kontext_run_small_new/test_results/test_018.png,1280,1024,0.0029826692771166563,25.253948211669922,0.9357860088348389,0.010840890929102898,0.03359905257821083
2250,19,output_fludyn/samples/1758819600621__000002250_19.jpg,kontext_run_small_new/test_results/test_019.png,1280,1024,0.0018588267266750336,27.30760955810547,0.9816005825996399,0.00936973001807928,0.011996420100331306
2500,0,output_fludyn/samples/1758820347173__000002500_0.jpg,kontext_run_small_new/test_results/test_000.png,1280,1024,0.0016591158928349614,27.801231384277344,0.9580271244049072,0.006527592893689871,0.016149893403053284
2500,1,output_fludyn/samples/1758820382021__000002500_1.jpg,kontext_run_small_new/test_results/test_001.png,1280,1024,0.0019808304496109486,27.031524658203125,0.9814072847366333,0.012737752869725227,0.01383092999458313
2500,2,output_fludyn/samples/1758820416893__000002500_2.jpg,kontext_run_small_new/test_results/test_002.png,1280,1024,0.0030042098369449377,25.22269630432129,0.9795397520065308,0.012818335555493832,0.019629599526524544
2500,3,output_fludyn/samples/1758820451833__000002500_3.jpg,kontext_run_small_new/test_results/test_003.png,1280,1024,0.0008368631824851036,30.773452758789062,0.9825438261032104,0.01326488982886076,0.009488113224506378
2500,4,output_fludyn/samples/1758820486743__000002500_4.jpg,kontext_run_small_new/test_results/test_004.png,1280,1024,0.0005073167267255485,32.947208404541016,0.9862013459205627,0.007461929228156805,0.007895500399172306
2500,5,output_fludyn/samples/1758820521610__000002500_5.jpg,kontext_run_small_new/test_results/test_005.png,1280,1024,0.002277899533510208,26.424654006958008,0.941881000995636,0.009465525858104229,0.03433508053421974
2500,6,output_fludyn/samples/1758820556466__000002500_6.jpg,kontext_run_small_new/test_results/test_006.png,1280,1024,0.0014970357296988368,28.247676849365234,0.9661037921905518,0.007031051442027092,0.019487891346216202
2500,7,output_fludyn/samples/1758820591341__000002500_7.jpg,kontext_run_small_new/test_results/test_007.png,1280,1024,0.0017476968932896852,27.575336456298828,0.984142541885376,0.010538043454289436,0.011277449317276478
2500,8,output_fludyn/samples/1758820626269__000002500_8.jpg,kontext_run_small_new/test_results/test_008.png,1280,1024,0.002094568917527795,26.789051055908203,0.9772709608078003,0.008491208776831627,0.017330782487988472
2500,9,output_fludyn/samples/1758820661170__000002500_9.jpg,kontext_run_small_new/test_results/test_009.png,1280,1024,0.0012542970944195986,29.015995025634766,0.9840353727340698,0.01408733706921339,0.010364910587668419
2500,10,output_fludyn/samples/1758820696043__000002500_10.jpg,kontext_run_small_new/test_results/test_010.png,1280,1024,0.00745345838367939,21.27642059326172,0.9674686789512634,0.021606149151921272,0.03807895630598068
2500,11,output_fludyn/samples/1758820730922__000002500_11.jpg,kontext_run_small_new/test_results/test_011.png,1280,1024,0.0053926981054246426,22.68193817138672,0.9274093508720398,0.01573352701961994,0.056969333440065384
2500,12,output_fludyn/samples/1758820765843__000002500_12.jpg,kontext_run_small_new/test_results/test_012.png,1280,1024,0.0003387008036952466,34.70183563232422,0.9843927025794983,0.007526099216192961,0.006097571924328804
2500,13,output_fludyn/samples/1758820800723__000002500_13.jpg,kontext_run_small_new/test_results/test_013.png,1280,1024,0.0025373706594109535,25.956159591674805,0.9746378660202026,0.01254764012992382,0.021721163764595985
2500,14,output_fludyn/samples/1758820835638__000002500_14.jpg,kontext_run_small_new/test_results/test_014.png,1280,1024,0.0017894278280436993,27.472858428955078,0.9823238849639893,0.009410978294909,0.013757790438830853
2500,15,output_fludyn/samples/1758820870508__000002500_15.jpg,kontext_run_small_new/test_results/test_015.png,1280,1024,0.0013474939623847604,28.704729080200195,0.9827762246131897,0.01598055474460125,0.013163283467292786
2500,16,output_fludyn/samples/1758820905402__000002500_16.jpg,kontext_run_small_new/test_results/test_016.png,1280,1024,0.002582252025604248,25.88001251220703,0.9784590601921082,0.016981346532702446,0.018672185018658638
2500,17,output_fludyn/samples/1758820940293__000002500_17.jpg,kontext_run_small_new/test_results/test_017.png,1280,1024,0.0011273854179307818,29.47927474975586,0.9677588939666748,0.00565694086253643,0.014862695708870888
2500,18,output_fludyn/samples/1758820975173__000002500_18.jpg,kontext_run_small_new/test_results/test_018.png,1280,1024,0.0031808961648494005,24.974504470825195,0.928726315498352,0.012224079109728336,0.041902095079422
2500,19,output_fludyn/samples/1758821010053__000002500_19.jpg,kontext_run_small_new/test_results/test_019.png,1280,1024,0.0010339019354432821,29.855205535888672,0.9832385778427124,0.008274747990071774,0.00821516290307045
2750,0,output_fludyn/samples/1758821756865__000002750_0.jpg,kontext_run_small_new/test_results/test_000.png,1280,1024,0.0018030384089797735,27.43994903564453,0.9546352624893188,0.008806697092950344,0.018795307725667953
2750,1,output_fludyn/samples/1758821791744__000002750_1.jpg,kontext_run_small_new/test_results/test_001.png,1280,1024,0.0023292384576052427,26.32785987854004,0.9814002513885498,0.015345470048487186,0.01613255962729454
2750,2,output_fludyn/samples/1758821826612__000002750_2.jpg,kontext_run_small_new/test_results/test_002.png,1280,1024,0.00319104315713048,24.96067237854004,0.9786561131477356,0.013818546198308468,0.020977066829800606
2750,3,output_fludyn/samples/1758821861504__000002750_3.jpg,kontext_run_small_new/test_results/test_003.png,1280,1024,0.00035967680742032826,34.44087219238281,0.9863548874855042,0.012331608682870865,0.005492496304214001
2750,4,output_fludyn/samples/1758821896383__000002750_4.jpg,kontext_run_small_new/test_results/test_004.png,1280,1024,0.0003883034805767238,34.1082878112793,0.9881566762924194,0.006934282369911671,0.006813965737819672
2750,5,output_fludyn/samples/1758821931265__000002750_5.jpg,kontext_run_small_new/test_results/test_005.png,1280,1024,0.0021059014834463596,26.76561737060547,0.9484207034111023,0.009120730683207512,0.030669575557112694
2750,6,output_fludyn/samples/1758821966177__000002750_6.jpg,kontext_run_small_new/test_results/test_006.png,1280,1024,0.0018800700781866908,27.258258819580078,0.9606831073760986,0.010511227883398533,0.027113165706396103
2750,7,output_fludyn/samples/1758822001084__000002750_7.jpg,kontext_run_small_new/test_results/test_007.png,1280,1024,0.001008824328891933,29.961843490600586,0.9865334630012512,0.009377476759254932,0.008060000836849213
2750,8,output_fludyn/samples/1758822035996__000002750_8.jpg,kontext_run_small_new/test_results/test_008.png,1280,1024,0.002033183816820383,26.91823387145996,0.9771949648857117,0.009342795237898827,0.0171069223433733
2750,9,output_fludyn/samples/1758822070874__000002750_9.jpg,kontext_run_small_new/test_results/test_009.png,1280,1024,0.0012557542650029063,29.01095199584961,0.98431795835495,0.014343762770295143,0.010600716806948185
2750,10,output_fludyn/samples/1758822105764__000002750_10.jpg,kontext_run_small_new/test_results/test_010.png,1280,1024,0.00656041270121932,21.8306884765625,0.9696893095970154,0.020819520577788353,0.03626926243305206
2750,11,output_fludyn/samples/1758822140643__000002750_11.jpg,kontext_run_small_new/test_results/test_011.png,1280,1024,0.003915898967534304,24.071683883666992,0.9337704181671143,0.013829350471496582,0.04386134445667267
2750,12,output_fludyn/samples/1758822175510__000002750_12.jpg,kontext_run_small_new/test_results/test_012.png,1280,1024,0.00032912669121287763,34.82636642456055,0.9850011467933655,0.007034673821181059,0.005691957660019398
2750,13,output_fludyn/samples/1758822210411__000002750_13.jpg,kontext_run_small_new/test_results/test_013.png,1280,1024,0.0026482483372092247,25.77041244506836,0.9754888415336609,0.013106302358210087,0.021183203905820847
2750,14,output_fludyn/samples/1758822245309__000002750_14.jpg,kontext_run_small_new/test_results/test_014.png,1280,1024,0.0020035358611494303,26.982027053833008,0.9821720123291016,0.009947899729013443,0.014578094705939293
2750,15,output_fludyn/samples/1758822280191__000002750_15.jpg,kontext_run_small_new/test_results/test_015.png,1280,1024,0.0010461002821102738,29.80426597595215,0.9848315715789795,0.01496121846139431,0.010283339768648148
2750,16,output_fludyn/samples/1758822315081__000002750_16.jpg,kontext_run_small_new/test_results/test_016.png,1280,1024,0.0025035880971699953,26.01436996459961,0.9790307283401489,0.018994059413671494,0.018688077107071877
2750,17,output_fludyn/samples/1758822349981__000002750_17.jpg,kontext_run_small_new/test_results/test_017.png,1280,1024,0.0014127107569947839,28.499465942382812,0.9617645144462585,0.007973131723701954,0.019266635179519653
2750,18,output_fludyn/samples/1758822384874__000002750_18.jpg,kontext_run_small_new/test_results/test_018.png,1280,1024,0.003212733892723918,24.931251525878906,0.9314372539520264,0.01245053205639124,0.04009520262479782
2750,19,output_fludyn/samples/1758822419749__000002750_19.jpg,kontext_run_small_new/test_results/test_019.png,1280,1024,0.0004192249907646328,33.77552795410156,0.9860823750495911,0.00688516441732645,0.005847640335559845
3000,0,output_fludyn/samples/1758823162179__000003000_0.jpg,kontext_run_small_new/test_results/test_000.png,1280,1024,0.0019756248220801353,27.042953491210938,0.9568522572517395,0.007381149102002382,0.0196621622890234
3000,1,output_fludyn/samples/1758823197054__000003000_1.jpg,kontext_run_small_new/test_results/test_001.png,1280,1024,0.001723188441246748,27.63667106628418,0.9836352467536926,0.011505383998155594,0.012877633795142174
3000,2,output_fludyn/samples/1758823231954__000003000_2.jpg,kontext_run_small_new/test_results/test_002.png,1280,1024,0.002429947257041931,26.14402961730957,0.9783555865287781,0.011440688744187355,0.01806129887700081
3000,3,output_fludyn/samples/1758823266820__000003000_3.jpg,kontext_run_small_new/test_results/test_003.png,1280,1024,0.0013453379506245255,28.711685180664062,0.9822283983230591,0.014202717691659927,0.01181421335786581
3000,4,output_fludyn/samples/1758823301698__000003000_4.jpg,kontext_run_small_new/test_results/test_004.png,1280,1024,0.0004072127921972424,33.90178298950195,0.9869059920310974,0.006891923025250435,0.007298402953892946
3000,5,output_fludyn/samples/1758823336608__000003000_5.jpg,kontext_run_small_new/test_results/test_005.png,1280,1024,0.002290609059855342,26.400489807128906,0.946133553981781,0.00895028654485941,0.03159812465310097
3000,6,output_fludyn/samples/1758823371482__000003000_6.jpg,kontext_run_small_new/test_results/test_006.png,1280,1024,0.001850484637543559,27.327144622802734,0.9628786444664001,0.008330604992806911,0.026054900139570236
3000,7,output_fludyn/samples/1758823406398__000003000_7.jpg,kontext_run_small_new/test_results/test_007.png,1280,1024,0.001335682114586234,28.74296760559082,0.9852654337882996,0.009446785785257816,0.00889827311038971
3000,8,output_fludyn/samples/1758823441287__000003000_8.jpg,kontext_run_small_new/test_results/test_008.png,1280,1024,0.002036597114056349,26.910947799682617,0.9766400456428528,0.008524259552359581,0.01708655059337616
3000,9,output_fludyn/samples/1758823476165__000003000_9.jpg,kontext_run_small_new/test_results/test_009.png,1280,1024,0.001219273661263287,29.138986587524414,0.9840472340583801,0.0134237390011549,0.009891249239444733
3000,10,output_fludyn/samples/1758823511053__000003000_10.jpg,kontext_run_small_new/test_results/test_010.png,1280,1024,0.00745141739025712,21.277610778808594,0.9675105810165405,0.021239401772618294,0.03826983645558357
3000,11,output_fludyn/samples/1758823545916__000003000_11.jpg,kontext_run_small_new/test_results/test_011.png,1280,1024,0.003489988623186946,24.571760177612305,0.9405052661895752,0.011450971476733685,0.03954099863767624
3000,12,output_fludyn/samples/1758823580829__000003000_12.jpg,kontext_run_small_new/test_results/test_012.png,1280,1024,0.001968279480934143,27.059131622314453,0.9786174893379211,0.009834961034357548,0.014439074322581291
3000,13,output_fludyn/samples/1758823615754__000003000_13.jpg,kontext_run_small_new/test_results/test_013.png,1280,1024,0.002541279885917902,25.949474334716797,0.9762963652610779,0.012694244273006916,0.02120516449213028
3000,14,output_fludyn/samples/1758823650657__000003000_14.jpg,kontext_run_small_new/test_results/test_014.png,1280,1024,0.0012431752402335405,29.05467414855957,0.9842832088470459,0.008130894042551517,0.011224819347262383
3000,15,output_fludyn/samples/1758823685534__000003000_15.jpg,kontext_run_small_new/test_results/test_015.png,1280,1024,0.0009855799144133925,30.063079833984375,0.9846518039703369,0.015145909041166306,0.009999374859035015
3000,16,output_fludyn/samples/1758823720425__000003000_16.jpg,kontext_run_small_new/test_results/test_016.png,1280,1024,0.001829009037464857,27.377840042114258,0.9792552590370178,0.014252793975174427,0.014840355142951012
3000,17,output_fludyn/samples/1758823755291__000003000_17.jpg,kontext_run_small_new/test_results/test_017.png,1280,1024,0.0012232853332534432,29.124719619750977,0.9679526090621948,0.006653699092566967,0.015223551541566849
3000,18,output_fludyn/samples/1758823790174__000003000_18.jpg,kontext_run_small_new/test_results/test_018.png,1280,1024,0.00331183522939682,24.7993106842041,0.9332235455513,0.012404178269207478,0.040367014706134796
3000,19,output_fludyn/samples/1758823825104__000003000_19.jpg,kontext_run_small_new/test_results/test_019.png,1280,1024,0.0019190602470189333,27.169111251831055,0.9804137945175171,0.009204627014696598,0.01429787278175354
